Timestamp,PM2.5 (µg/m³)
01-01-2024 05:00,124.76
02-01-2024 05:00,133.32
03-01-2024 05:00,119.05
04-01-2024 05:00,133.41
05-01-2024 05:00,91.91
06-01-2024 05:00,125.36
07-01-2024 05:00,95.69
08-01-2024 05:00,124.05
09-01-2024 05:00,117.22
10-01-2024 05:00,88.62
11-01-2024 05:00,119.78
12-01-2024 05:00,117.46
13-01-2024 05:00,143.46
14-01-2024 05:00,245.5
15-01-2024 05:00,198.53
16-01-2024 05:00,114.75
17-01-2024 05:00,133.66
18-01-2024 05:00,67.92
19-01-2024 05:00,96.14
20-01-2024 05:00,106.87
21-01-2024 05:00,160.55
22-01-2024 05:00,162.32
23-01-2024 05:00,109.43
24-01-2024 05:00,192.41
25-01-2024 05:00,124.22
26-01-2024 05:00,129.98
27-01-2024 05:00,179.89
28-01-2024 05:00,154.12
29-01-2024 05:00,84.92
30-01-2024 05:00,154.75
31-01-2024 05:00,120.02
01-02-2024 05:00,50.08
02-02-2024 05:00,103.22
03-02-2024 05:00,65.67
04-02-2024 05:00,85.34
05-02-2024 05:00,59.07
06-02-2024 05:00,54.36
07-02-2024 05:00,63.61
08-02-2024 05:00,63.48
09-02-2024 05:00,53.23
10-02-2024 05:00,134.04
11-02-2024 05:00,134.73
12-02-2024 05:00,106.47
13-02-2024 05:00,157.19
14-02-2024 05:00,123.53
15-02-2024 05:00,105.88
16-02-2024 05:00,115.56
17-02-2024 05:00,115.9
18-02-2024 05:00,203.36
19-02-2024 05:00,74.73
20-02-2024 05:00,118.52
21-02-2024 05:00,87.43
22-02-2024 05:00,58.89
23-02-2024 05:00,63.08
24-02-2024 05:00,128.6
25-02-2024 05:00,58.83
26-02-2024 05:00,44.62
27-02-2024 05:00,68.75
28-02-2024 05:00,59.74
29-02-2024 05:00,55.38
01-03-2024 05:00,65.1
02-03-2024 05:00,33.98
03-03-2024 05:00,63.38
04-03-2024 05:00,51.42
05-03-2024 05:00,60.84
06-03-2024 05:00,57.33
07-03-2024 05:00,109.66
08-03-2024 05:00,69.7
09-03-2024 05:00,68.44
10-03-2024 05:00,49.38
11-03-2024 05:00,60.55
12-03-2024 05:00,94.03
13-03-2024 05:00,68.61
14-03-2024 05:00,81.95
15-03-2024 05:00,44.49
16-03-2024 05:00,55.86
17-03-2024 05:00,75.11
18-03-2024 05:00,73.9
19-03-2024 05:00,98
20-03-2024 05:00,139.72
21-03-2024 05:00,94.44
22-03-2024 05:00,71.52
23-03-2024 05:00,135.01
24-03-2024 05:00,108.22
25-03-2024 05:00,141.38
26-03-2024 05:00,77.07
27-03-2024 05:00,102.05
28-03-2024 05:00,76.05
29-03-2024 05:00,76.26
30-03-2024 05:00,118.64
31-03-2024 05:00,151.03
01-04-2024 05:00,40.84
02-04-2024 05:00,89.08
03-04-2024 05:00,176.48
04-04-2024 05:00,80.66
05-04-2024 05:00,82.03
06-04-2024 05:00,83.53
07-04-2024 05:00,68.27
08-04-2024 05:00,123.27
09-04-2024 05:00,248.71
10-04-2024 05:00,95.21
11-04-2024 05:00,107.8
12-04-2024 05:00,63.02
13-04-2024 05:00,153.43
14-04-2024 05:00,52.82
15-04-2024 05:00,137.86
16-04-2024 05:00,129.54
17-04-2024 05:00,51.67
18-04-2024 05:00,79.95
19-04-2024 05:00,80.7
20-04-2024 05:00,122.37
21-04-2024 05:00,47.88
22-04-2024 05:00,40.81
23-04-2024 05:00,79.98
24-04-2024 05:00,66.32
25-04-2024 05:00,79.44
26-04-2024 05:00,103.65
27-04-2024 05:00,74.66
28-04-2024 05:00,77.44
29-04-2024 05:00,123.11
30-04-2024 05:00,54.43
01-05-2024 05:00,92.41
02-05-2024 05:00,79.59
03-05-2024 05:00,126.18
04-05-2024 05:00,119.64
05-05-2024 05:00,69.87
06-05-2024 05:00,101.55
07-05-2024 05:00,238.36
08-05-2024 05:00,301.24
09-05-2024 05:00,189.45
10-05-2024 05:00,272.45
11-05-2024 05:00,88.95
12-05-2024 05:00,111.26
13-05-2024 05:00,90.28
14-05-2024 05:00,100.84
15-05-2024 05:00,201.25
16-05-2024 05:00,91.42
17-05-2024 05:00,150.54
18-05-2024 05:00,109.32
19-05-2024 05:00,92.1
20-05-2024 05:00,63.02
21-05-2024 05:00,145.85
22-05-2024 05:00,96.71
23-05-2024 05:00,37.02
24-05-2024 05:00,73.02
25-05-2024 05:00,87.56
26-05-2024 05:00,96.36
27-05-2024 05:00,204.12
28-05-2024 05:00,116.64
29-05-2024 05:00,202.37
30-05-2024 05:00,90.96
31-05-2024 05:00,79.29
01-06-2024 05:00,76.4
02-06-2024 05:00,74.98
03-06-2024 05:00,77.86
04-06-2024 05:00,55.4
05-06-2024 05:00,88.99
06-06-2024 05:00,42.9
07-06-2024 05:00,117.85
08-06-2024 05:00,85.84
09-06-2024 05:00,73.73
10-06-2024 05:00,76.07
11-06-2024 05:00,154.96
12-06-2024 05:00,101.78
13-06-2024 05:00,96.25
14-06-2024 05:00,48.43
15-06-2024 05:00,49.21
16-06-2024 05:00,93.25
17-06-2024 05:00,55.74
18-06-2024 05:00,58.61
01-01-2023 05:00,65.76666667
02-01-2023 05:00,138.7479167
03-01-2023 05:00,198.9716667
04-01-2023 05:00,165.8091667
05-01-2023 05:00,190.7391667
06-01-2023 05:00,178.05875
07-01-2023 05:00,162.820625
08-01-2023 05:00,108.47375
09-01-2023 05:00,167.1166667
10-01-2023 05:00,212.3483333
11-01-2023 05:00,96.690625
12-01-2023 05:00,143.936875
13-01-2023 05:00,164.3891667
14-01-2023 05:00,181.141875
15-01-2023 05:00,89.4125
16-01-2023 05:00,132.155
17-01-2023 05:00,142.76625
18-01-2023 05:00,149.55
19-01-2023 05:00,152.05
20-01-2023 05:00,130.9233333
21-01-2023 05:00,120.7772917
22-01-2023 05:00,220.5833333
23-01-2023 05:00,157.0475
24-01-2023 05:00,200.1011111
25-01-2023 05:00,50.87916667
26-01-2023 05:00,153.16375
27-01-2023 05:00,108.86625
28-01-2023 05:00,96.715625
29-01-2023 05:00,158.6458333
30-01-2023 05:00,22.18055556
31-01-2023 05:00,91.231875
01-02-2023 05:00,77.468125
02-02-2023 05:00,74.06041667
03-02-2023 05:00,76.5375
04-02-2023 05:00,103.6872917
05-02-2023 05:00,74.14666667
06-02-2023 05:00,227.6416667
07-02-2023 05:00,153.7270833
08-02-2023 05:00,60.366875
09-02-2023 05:00,106.806875
10-02-2023 05:00,69.545
11-02-2023 05:00,105.35625
12-02-2023 05:00,59.48083333
13-02-2023 05:00,49.103125
14-02-2023 05:00,66.14583333
15-02-2023 05:00,69.664375
16-02-2023 05:00,94.525
17-02-2023 05:00,143.665
18-02-2023 05:00,113.1216667
19-02-2023 05:00,122.45125
20-02-2023 05:00,125.519375
21-02-2023 05:00,66.236875
22-02-2023 05:00,111.3025
23-02-2023 05:00,91.89125
24-02-2023 05:00,62.9975
25-02-2023 05:00,112.5983333
26-02-2023 05:00,160.5391667
27-02-2023 05:00,134.4
28-02-2023 05:00,96.4875
01-03-2023 05:00,34.27416667
02-03-2023 05:00,92.803125
03-03-2023 05:00,83.125
04-03-2023 05:00,53.76083333
05-03-2023 05:00,76.29875
06-03-2023 05:00,76.54625
07-03-2023 05:00,60.6325
08-03-2023 05:00,75.14875
09-03-2023 05:00,10.95
10-03-2023 05:00,64.25916667
11-03-2023 05:00,72.91666667
12-03-2023 05:00,81.1825
13-03-2023 05:00,79.20666667
14-03-2023 05:00,70.83666667
15-03-2023 05:00,98.37416667
16-03-2023 05:00,90.32833333
17-03-2023 05:00,70.2625
18-03-2023 05:00,83.46
19-03-2023 05:00,34.5
20-03-2023 05:00,51.59111111
21-03-2023 05:00,10.8
22-03-2023 05:00,46.73416667
23-03-2023 05:00,69.83444444
24-03-2023 05:00,65.19875
25-03-2023 05:00,
26-03-2023 05:00,42.0375
27-03-2023 05:00,39.23333333
28-03-2023 05:00,62.964375
29-03-2023 05:00,70.338125
30-03-2023 05:00,87.99875
31-03-2023 05:00,10.35
01-04-2023 05:00,24.39083333
02-04-2023 05:00,30.07875
03-04-2023 05:00,40.9175
04-04-2023 05:00,77.17020833
05-04-2023 05:00,62.055625
06-04-2023 05:00,41.786875
07-04-2023 05:00,48.14166667
08-04-2023 05:00,53.138125
09-04-2023 05:00,66.975
10-04-2023 05:00,76.70270833
11-04-2023 05:00,70.95125
12-04-2023 05:00,68.54375
13-04-2023 05:00,60.66944444
14-04-2023 05:00,76.5175
15-04-2023 05:00,71.66833333
16-04-2023 05:00,82.50833333
17-04-2023 05:00,78.261875
18-04-2023 05:00,53.998125
19-04-2023 05:00,84.15
20-04-2023 05:00,59.66555556
21-04-2023 05:00,58.6075
22-04-2023 05:00,50.020625
23-04-2023 05:00,41.18333333
24-04-2023 05:00,55.1125
25-04-2023 05:00,57.15833333
26-04-2023 05:00,70.1825
27-04-2023 05:00,86.625
28-04-2023 05:00,59.6125
29-04-2023 05:00,71.2325
30-04-2023 05:00,54.42
01-05-2023 05:00,37.48875
02-05-2023 05:00,21.55
03-05-2023 05:00,19.65
04-05-2023 05:00,20.175
05-05-2023 05:00,40.59444444
06-05-2023 05:00,51.51916667
07-05-2023 05:00,46.893125
08-05-2023 05:00,55.89166667
09-05-2023 05:00,50.16166667
10-05-2023 05:00,46.9725
11-05-2023 05:00,51.64416667
12-05-2023 05:00,51.92166667
13-05-2023 05:00,64.675
14-05-2023 05:00,47.025
15-05-2023 05:00,31.89166667
16-05-2023 05:00,38.09166667
17-05-2023 05:00,49.40083333
18-05-2023 05:00,51.095
19-05-2023 05:00,39.7225
20-05-2023 05:00,51.475625
21-05-2023 05:00,55.648125
22-05-2023 05:00,33.428125
23-05-2023 05:00,30.61666667
24-05-2023 05:00,44.70833333
25-05-2023 05:00,42.595
26-05-2023 05:00,22.125
27-05-2023 05:00,114.4891667
28-05-2023 05:00,70.25
29-05-2023 05:00,9.375
30-05-2023 05:00,42.73625
31-05-2023 05:00,23.18333333
01-06-2023 05:00,39.33125
02-06-2023 05:00,54.39125
03-06-2023 05:00,56.71666667
04-06-2023 05:00,75.57916667
05-06-2023 05:00,48.0875
06-06-2023 05:00,40.325
07-06-2023 05:00,105.6825
08-06-2023 05:00,66.470625
09-06-2023 05:00,44.25166667
10-06-2023 05:00,26.87083333
11-06-2023 05:00,26.21333333
12-06-2023 05:00,28.35
13-06-2023 05:00,62.43666667
14-06-2023 05:00,59.18333333
15-06-2023 05:00,38.17222222
16-06-2023 05:00,28.21666667
17-06-2023 05:00,51.17791667
18-06-2023 05:00,30.85958333
19-06-2023 05:00,30.34166667
20-06-2023 05:00,62.0525
21-06-2023 05:00,105.5625
22-06-2023 05:00,34.68
23-06-2023 05:00,55.46916667
24-06-2023 05:00,80.99125
25-06-2023 05:00,13.97875
26-06-2023 05:00,13.625
27-06-2023 05:00,46.175
28-06-2023 05:00,58.7
29-06-2023 05:00,24.75291667
30-06-2023 05:00,10.23333333
01-07-2023 05:00,
02-07-2023 05:00,13.26166667
03-07-2023 05:00,25.51166667
04-07-2023 05:00,48.41625
05-07-2023 05:00,24.97
06-07-2023 05:00,59.575
07-07-2023 05:00,33.08
08-07-2023 05:00,12.13
09-07-2023 05:00,8.75
10-07-2023 05:00,21.82333333
11-07-2023 05:00,29.0075
12-07-2023 05:00,32.12416667
13-07-2023 05:00,27.9025
14-07-2023 05:00,31.43
15-07-2023 05:00,32.68333333
16-07-2023 05:00,19.425
17-07-2023 05:00,20.3125
18-07-2023 05:00,40.545
19-07-2023 05:00,50.1225
20-07-2023 05:00,24.58875
21-07-2023 05:00,41.2025
22-07-2023 05:00,24.82
23-07-2023 05:00,27.43055556
24-07-2023 05:00,27.6425
25-07-2023 05:00,35.45
26-07-2023 05:00,22.565
27-07-2023 05:00,24.91416667
28-07-2023 05:00,25.81916667
29-07-2023 05:00,26.79166667
30-07-2023 05:00,13.15833333
31-07-2023 05:00,34.8
01-08-2023 05:00,19.0575
02-08-2023 05:00,28.50555556
03-08-2023 05:00,15.5
04-08-2023 05:00,20.25
05-08-2023 05:00,30.9175
06-08-2023 05:00,31.61388889
07-08-2023 05:00,29.38229167
08-08-2023 05:00,50.15375
09-08-2023 05:00,45.45
10-08-2023 05:00,41.02375
11-08-2023 05:00,30.341875
12-08-2023 05:00,60.8125
13-08-2023 05:00,51.695
14-08-2023 05:00,49.90222222
15-08-2023 05:00,36.275
16-08-2023 05:00,31.475
17-08-2023 05:00,46.69
18-08-2023 05:00,50.57583333
19-08-2023 05:00,75.025
20-08-2023 05:00,49.78354167
21-08-2023 05:00,27.0625
22-08-2023 05:00,41.35
23-08-2023 05:00,15.375
24-08-2023 05:00,30.72125
25-08-2023 05:00,42.24166667
26-08-2023 05:00,25.2375
27-08-2023 05:00,29
28-08-2023 05:00,23.9225
29-08-2023 05:00,25.59375
30-08-2023 05:00,29.72020833
31-08-2023 05:00,36.168125
01-09-2023 05:00,68.6225
02-09-2023 05:00,35.62583333
03-09-2023 05:00,44.325
04-09-2023 05:00,31.67222222
05-09-2023 05:00,42.65166667
06-09-2023 05:00,33
07-09-2023 05:00,29.6675
08-09-2023 05:00,23.75
09-09-2023 05:00,17.08583333
10-09-2023 05:00,12.12222222
11-09-2023 05:00,18.10333333
12-09-2023 05:00,26.8
13-09-2023 05:00,21.2725
14-09-2023 05:00,36.259375
15-09-2023 05:00,42.85
16-09-2023 05:00,31.35
17-09-2023 05:00,28.70125
18-09-2023 05:00,34.2125
19-09-2023 05:00,39.190625
20-09-2023 05:00,47.85
21-09-2023 05:00,41.01
22-09-2023 05:00,43.375625
23-09-2023 05:00,30.5025
24-09-2023 05:00,74.745
25-09-2023 05:00,57.11875
26-09-2023 05:00,84.71666667
27-09-2023 05:00,45.81666667
28-09-2023 05:00,34.93583333
29-09-2023 05:00,49.354375
30-09-2023 05:00,55.79
01-10-2023 05:00,46.106875
02-10-2023 05:00,40.70416667
03-10-2023 05:00,37.1625
04-10-2023 05:00,50.835
05-10-2023 05:00,70.48125
06-10-2023 05:00,88.83625
07-10-2023 05:00,99.28333333
08-10-2023 05:00,86.40416667
09-10-2023 05:00,86.986875
10-10-2023 05:00,105.0583333
11-10-2023 05:00,116.0916667
12-10-2023 05:00,95.605625
13-10-2023 05:00,94.1125
14-10-2023 05:00,90.35
15-10-2023 05:00,111.2666667
16-10-2023 05:00,76.83916667
17-10-2023 05:00,35.31666667
18-10-2023 05:00,60.65333333
19-10-2023 05:00,50.47833333
20-10-2023 05:00,81.08
21-10-2023 05:00,68.325
22-10-2023 05:00,117.8741667
23-10-2023 05:00,114.9194444
24-10-2023 05:00,68.79625
25-10-2023 05:00,181.9
26-10-2023 05:00,135.9083333
27-10-2023 05:00,105.5416667
28-10-2023 05:00,84.734375
29-10-2023 05:00,167.2166667
30-10-2023 05:00,133.4166667
31-10-2023 05:00,172.858125
01-11-2023 05:00,181.675
02-11-2023 05:00,213.37125
03-11-2023 05:00,295.5470833
04-11-2023 05:00,232.08625
05-11-2023 05:00,311.250625
06-11-2023 05:00,320.20875
07-11-2023 05:00,147.3875
08-11-2023 05:00,252.865625
09-11-2023 05:00,241.38875
10-11-2023 05:00,268.45
11-11-2023 05:00,82.669375
12-11-2023 05:00,82.63645833
13-11-2023 05:00,283.5458333
14-11-2023 05:00,213.3395833
15-11-2023 05:00,293.8416667
16-11-2023 05:00,350.5833333
17-11-2023 05:00,254.42
18-11-2023 05:00,196.725
19-11-2023 05:00,184.3075
20-11-2023 05:00,147.1708333
21-11-2023 05:00,185.16375
22-11-2023 05:00,198.24625
23-11-2023 05:00,250.4575
24-11-2023 05:00,201.6111111
25-11-2023 05:00,244.975
26-11-2023 05:00,215.34
27-11-2023 05:00,205.2083333
28-11-2023 05:00,104.5095833
29-11-2023 05:00,138.39
30-11-2023 05:00,146.7516667
01-12-2023 05:00,164.00375
02-12-2023 05:00,125.020625
03-12-2023 05:00,126.9416667
04-12-2023 05:00,88.04722222
05-12-2023 05:00,127.1925
06-12-2023 05:00,80.214375
07-12-2023 05:00,111.9620833
08-12-2023 05:00,130.85625
09-12-2023 05:00,149.76625
10-12-2023 05:00,138.9620833
11-12-2023 05:00,198.69125
12-12-2023 05:00,176.75125
13-12-2023 05:00,177.6954167
14-12-2023 05:00,132.194375
15-12-2023 05:00,168.2108333
16-12-2023 05:00,191.4035417
17-12-2023 05:00,186.54625
18-12-2023 05:00,115.45625
19-12-2023 05:00,85.746875
20-12-2023 05:00,96.105
21-12-2023 05:00,128.966875
22-12-2023 05:00,216.925
23-12-2023 05:00,296.495
24-12-2023 05:00,236.0625
25-12-2023 05:00,163.8616667
26-12-2023 05:00,205.3916667
27-12-2023 05:00,219.2972222
28-12-2023 05:00,119.1427778
29-12-2023 05:00,111.09125
30-12-2023 05:00,134.2125
31-12-2023 05:00,131.9083333
01-01-2022 05:00,145.2275
02-01-2022 05:00,206.545
03-01-2022 05:00,172.535
04-01-2022 05:00,179.6875
05-01-2022 05:00,214.3425
06-01-2022 05:00,97.8225
07-01-2022 05:00,73.21
08-01-2022 05:00,49.8
09-01-2022 05:00,20.38
10-01-2022 05:00,58.40333333
11-01-2022 05:00,78.44666667
12-01-2022 05:00,62.27
13-01-2022 05:00,127.1433333
14-01-2022 05:00,152.39
15-01-2022 05:00,151.9125
16-01-2022 05:00,110.7233333
17-01-2022 05:00,156.3466667
18-01-2022 05:00,130.0225
19-01-2022 05:00,150.95
20-01-2022 05:00,172.3366667
21-01-2022 05:00,220.0666667
22-01-2022 05:00,178.135
23-01-2022 05:00,66.33
24-01-2022 05:00,52.575
25-01-2022 05:00,97.825
26-01-2022 05:00,138.89
27-01-2022 05:00,104.29
28-01-2022 05:00,98.275
29-01-2022 05:00,135.96
30-01-2022 05:00,154.0866667
31-01-2022 05:00,191.365
01-02-2022 05:00,210.245
02-02-2022 05:00,145.1966667
03-02-2022 05:00,184.71
04-02-2022 05:00,53.1375
05-02-2022 05:00,139.3375
06-02-2022 05:00,163.2266667
07-02-2022 05:00,164.3925
08-02-2022 05:00,204.93
09-02-2022 05:00,154.2733333
10-02-2022 05:00,72.465
11-02-2022 05:00,95.51
12-02-2022 05:00,81.79
13-02-2022 05:00,210.6566667
14-02-2022 05:00,78.61333333
15-02-2022 05:00,278.4
16-02-2022 05:00,241.58
17-02-2022 05:00,163.29
18-02-2022 05:00,126.27
19-02-2022 05:00,77.975
20-02-2022 05:00,91.0925
21-02-2022 05:00,73.9525
22-02-2022 05:00,107.8366667
23-02-2022 05:00,106.2733333
24-02-2022 05:00,142.7533333
25-02-2022 05:00,213.95
26-02-2022 05:00,16.665
27-02-2022 05:00,35.75333333
28-02-2022 05:00,33.64
01-03-2022 05:00,104.6166667
02-03-2022 05:00,127.69
03-03-2022 05:00,118.995
04-03-2022 05:00,90.04666667
05-03-2022 05:00,39.41
06-03-2022 05:00,67.6875
07-03-2022 05:00,104.075
08-03-2022 05:00,74.865
09-03-2022 05:00,46.56666667
10-03-2022 05:00,34.605
11-03-2022 05:00,67.20666667
12-03-2022 05:00,38.9
13-03-2022 05:00,100.535
14-03-2022 05:00,110.05
15-03-2022 05:00,114.4866667
16-03-2022 05:00,85.72
17-03-2022 05:00,136.6
18-03-2022 05:00,202.61
19-03-2022 05:00,166.05
20-03-2022 05:00,140.575
21-03-2022 05:00,129.4566667
22-03-2022 05:00,38
23-03-2022 05:00,127.1166667
24-03-2022 05:00,265.5233333
25-03-2022 05:00,109.7266667
26-03-2022 05:00,79
27-03-2022 05:00,89.85
28-03-2022 05:00,173.4333333
29-03-2022 05:00,130.25
30-03-2022 05:00,162.7933333
31-03-2022 05:00,270.45
01-04-2022 05:00,50.925
02-04-2022 05:00,101.1866667
03-04-2022 05:00,106.22
04-04-2022 05:00,89.30666667
05-04-2022 05:00,99.58
06-04-2022 05:00,58.82333333
07-04-2022 05:00,151.6966667
08-04-2022 05:00,74.04
09-04-2022 05:00,123.9233333
10-04-2022 05:00,83.41666667
11-04-2022 05:00,114.4066667
12-04-2022 05:00,65.13
13-04-2022 05:00,192.175
14-04-2022 05:00,86.2275
15-04-2022 05:00,67.7075
16-04-2022 05:00,118.2
17-04-2022 05:00,159.3666667
18-04-2022 05:00,107.1175
19-04-2022 05:00,163.99
20-04-2022 05:00,102.93
21-04-2022 05:00,102.7275
22-04-2022 05:00,44.55333333
23-04-2022 05:00,87.51666667
24-04-2022 05:00,116.475
25-04-2022 05:00,114.5866667
26-04-2022 05:00,43.49
27-04-2022 05:00,152.485
28-04-2022 05:00,190.1175
29-04-2022 05:00,110.44
30-04-2022 05:00,153.4333333
01-05-2022 05:00,124.6025
02-05-2022 05:00,58.1725
03-05-2022 05:00,95.12333333
04-05-2022 05:00,92.3575
05-05-2022 05:00,21.45
06-05-2022 05:00,126.5125
07-05-2022 05:00,107.715
08-05-2022 05:00,79.9
09-05-2022 05:00,56.45333333
10-05-2022 05:00,55.6025
11-05-2022 05:00,40.2025
12-05-2022 05:00,45.33333333
13-05-2022 05:00,49.425
14-05-2022 05:00,187.53
15-05-2022 05:00,122.5675
16-05-2022 05:00,154.6525
17-05-2022 05:00,15.15666667
18-05-2022 05:00,65.3
19-05-2022 05:00,73.79
20-05-2022 05:00,74.26
21-05-2022 05:00,83.48666667
22-05-2022 05:00,31.89333333
23-05-2022 05:00,38.57
24-05-2022 05:00,7.2
25-05-2022 05:00,56.98
26-05-2022 05:00,
27-05-2022 05:00,157.43
28-05-2022 05:00,37.22
29-05-2022 05:00,51.14
30-05-2022 05:00,66.99
31-05-2022 05:00,91.73333333
01-06-2022 05:00,204.35
02-06-2022 05:00,51.67
03-06-2022 05:00,89.04666667
04-06-2022 05:00,95.18333333
05-06-2022 05:00,28.13
06-06-2022 05:00,34.75
07-06-2022 05:00,70.16
08-06-2022 05:00,90.03
09-06-2022 05:00,36.13
10-06-2022 05:00,64.28
11-06-2022 05:00,66.9
12-06-2022 05:00,76.12333333
13-06-2022 05:00,52.1
14-06-2022 05:00,41.14
15-06-2022 05:00,32.165
16-06-2022 05:00,46.585
17-06-2022 05:00,12.87
18-06-2022 05:00,24.33
19-06-2022 05:00,31.37
20-06-2022 05:00,21.23
21-06-2022 05:00,93.28
22-06-2022 05:00,81.08666667
23-06-2022 05:00,66.70666667
24-06-2022 05:00,60.95666667
25-06-2022 05:00,82.58666667
26-06-2022 05:00,119.37
27-06-2022 05:00,47.98
28-06-2022 05:00,31.20666667
29-06-2022 05:00,45.055
30-06-2022 05:00,
01-07-2022 05:00,25.27666667
02-07-2022 05:00,59.6
03-07-2022 05:00,13.86
04-07-2022 05:00,53.46
05-07-2022 05:00,45.23666667
06-07-2022 05:00,72.80666667
07-07-2022 05:00,86.3
08-07-2022 05:00,46.83
09-07-2022 05:00,49.96
10-07-2022 05:00,47.7
11-07-2022 05:00,48.695
12-07-2022 05:00,115.45
13-07-2022 05:00,6.32
14-07-2022 05:00,11.63
15-07-2022 05:00,20.29
16-07-2022 05:00,15.59
17-07-2022 05:00,9.86
18-07-2022 05:00,39.85
19-07-2022 05:00,47.98333333
20-07-2022 05:00,41.46333333
21-07-2022 05:00,16.375
22-07-2022 05:00,127.49
23-07-2022 05:00,12.715
24-07-2022 05:00,24.75
25-07-2022 05:00,19.09
26-07-2022 05:00,26.48
27-07-2022 05:00,39.255
28-07-2022 05:00,26.54
29-07-2022 05:00,30
30-07-2022 05:00,20.53666667
31-07-2022 05:00,21.515
01-08-2022 05:00,35.43
02-08-2022 05:00,31.7475
03-08-2022 05:00,165.235
04-08-2022 05:00,43.09666667
05-08-2022 05:00,24.06
06-08-2022 05:00,46.885
07-08-2022 05:00,29.09
08-08-2022 05:00,23.8225
09-08-2022 05:00,46.105
10-08-2022 05:00,16.98
11-08-2022 05:00,15.0375
12-08-2022 05:00,14.6025
13-08-2022 05:00,27.1675
14-08-2022 05:00,22.17
15-08-2022 05:00,23.085
16-08-2022 05:00,18
17-08-2022 05:00,9.3225
18-08-2022 05:00,19.6675
19-08-2022 05:00,17.43333333
20-08-2022 05:00,15.53
21-08-2022 05:00,56.72
22-08-2022 05:00,50.9825
23-08-2022 05:00,34.1375
24-08-2022 05:00,13.16
25-08-2022 05:00,29.3575
26-08-2022 05:00,15.075
27-08-2022 05:00,24.785
28-08-2022 05:00,19.72
29-08-2022 05:00,31.89
30-08-2022 05:00,49.40333333
31-08-2022 05:00,32.41
01-09-2022 05:00,32.21
02-09-2022 05:00,53.35
03-09-2022 05:00,37.135
04-09-2022 05:00,26.53333333
05-09-2022 05:00,13.2
06-09-2022 05:00,29.7875
07-09-2022 05:00,53.935
08-09-2022 05:00,58.9575
09-09-2022 05:00,68.935
10-09-2022 05:00,61.1775
11-09-2022 05:00,27.8775
12-09-2022 05:00,26.13666667
13-09-2022 05:00,14
14-09-2022 05:00,10.7
15-09-2022 05:00,12.92666667
16-09-2022 05:00,13.33
17-09-2022 05:00,27.44
18-09-2022 05:00,24.87666667
19-09-2022 05:00,97.73666667
20-09-2022 05:00,42.45666667
21-09-2022 05:00,36.015
22-09-2022 05:00,13.77333333
23-09-2022 05:00,
24-09-2022 05:00,8.7
25-09-2022 05:00,8.8
26-09-2022 05:00,13.29
27-09-2022 05:00,31.86
28-09-2022 05:00,19.245
29-09-2022 05:00,49.64
30-09-2022 05:00,67.01666667
01-10-2022 05:00,82.61333333
02-10-2022 05:00,73.66666667
03-10-2022 05:00,14.175
04-10-2022 05:00,51.34333333
05-10-2022 05:00,75.2575
06-10-2022 05:00,12.655
07-10-2022 05:00,4.026666667
08-10-2022 05:00,9.375
09-10-2022 05:00,7.815
10-10-2022 05:00,6.835
11-10-2022 05:00,12.6575
12-10-2022 05:00,73.93666667
13-10-2022 05:00,69.12
14-10-2022 05:00,80.6925
15-10-2022 05:00,103.5675
16-10-2022 05:00,96.63
17-10-2022 05:00,138.5666667
18-10-2022 05:00,144.4925
19-10-2022 05:00,269.5625
20-10-2022 05:00,232.8875
21-10-2022 05:00,132.34
22-10-2022 05:00,127.645
23-10-2022 05:00,91.0325
24-10-2022 05:00,98.69
25-10-2022 05:00,140.14
26-10-2022 05:00,81.59
27-10-2022 05:00,135.9266667
28-10-2022 05:00,208.2833333
29-10-2022 05:00,201.95
30-10-2022 05:00,148.485
31-10-2022 05:00,239.15
01-11-2022 05:00,266.6175
02-11-2022 05:00,207.1833333
03-11-2022 05:00,245.23
04-11-2022 05:00,275.56
05-11-2022 05:00,144.36
06-11-2022 05:00,160.2475
07-11-2022 05:00,209.585
08-11-2022 05:00,219.8
09-11-2022 05:00,69.74
10-11-2022 05:00,210.33
11-11-2022 05:00,248.8175
12-11-2022 05:00,194.7833333
13-11-2022 05:00,161.6175
14-11-2022 05:00,183.7125
15-11-2022 05:00,124.6375
16-11-2022 05:00,135.4266667
17-11-2022 05:00,164.985
18-11-2022 05:00,149.01
19-11-2022 05:00,134.525
20-11-2022 05:00,141.9275
21-11-2022 05:00,117.8966667
22-11-2022 05:00,101.99
23-11-2022 05:00,77.22666667
24-11-2022 05:00,70.66666667
25-11-2022 05:00,202.1566667
26-11-2022 05:00,134.3333333
27-11-2022 05:00,134.22
28-11-2022 05:00,155.205
29-11-2022 05:00,125.4633333
30-11-2022 05:00,127.49
01-12-2022 05:00,149.5
02-12-2022 05:00,145.0433333
03-12-2022 05:00,197.42
04-12-2022 05:00,166.7933333
05-12-2022 05:00,154.1475
06-12-2022 05:00,168.425
07-12-2022 05:00,88.17333333
08-12-2022 05:00,111.3333333
09-12-2022 05:00,274.9833333
10-12-2022 05:00,136.855
11-12-2022 05:00,118.53
12-12-2022 05:00,64.42
13-12-2022 05:00,60.5675
14-12-2022 05:00,57.94
15-12-2022 05:00,84.365
16-12-2022 05:00,90.11
17-12-2022 05:00,142.915
18-12-2022 05:00,175.51
19-12-2022 05:00,202.1266667
20-12-2022 05:00,203.38
21-12-2022 05:00,176.8675
22-12-2022 05:00,152.9725
23-12-2022 05:00,171.68
24-12-2022 05:00,140.025
25-12-2022 05:00,138.1575
26-12-2022 05:00,120.1975
27-12-2022 05:00,97.1225
28-12-2022 05:00,108.1175
29-12-2022 05:00,102.06
30-12-2022 05:00,169.2725
31-12-2022 05:00,183.1533333
01-01-2021 05:00,232.015
02-01-2021 05:00,247.6866667
03-01-2021 05:00,198.6833333
04-01-2021 05:00,31.46
05-01-2021 05:00,26.585
06-01-2021 05:00,75.34
07-01-2021 05:00,96.66
08-01-2021 05:00,85.095
09-01-2021 05:00,102.37
10-01-2021 05:00,96.09
11-01-2021 05:00,70.28
12-01-2021 05:00,96.745
13-01-2021 05:00,201.785
14-01-2021 05:00,291.255
15-01-2021 05:00,363.335
16-01-2021 05:00,235.92
17-01-2021 05:00,106.76
18-01-2021 05:00,100.34
19-01-2021 05:00,248.475
20-01-2021 05:00,79.34
21-01-2021 05:00,61.3
22-01-2021 05:00,189.685
23-01-2021 05:00,78.05
24-01-2021 05:00,
25-01-2021 05:00,37.33
26-01-2021 05:00,107.8
27-01-2021 05:00,94.8
28-01-2021 05:00,127.77
29-01-2021 05:00,218.055
30-01-2021 05:00,116
31-01-2021 05:00,202.75
01-02-2021 05:00,
02-02-2021 05:00,228
03-02-2021 05:00,216.25
04-02-2021 05:00,181.75
05-02-2021 05:00,28.5
06-02-2021 05:00,97.25
07-02-2021 05:00,125
08-02-2021 05:00,208
09-02-2021 05:00,227.75
10-02-2021 05:00,118.0266667
11-02-2021 05:00,145.7
12-02-2021 05:00,145.5766667
13-02-2021 05:00,177.9533333
14-02-2021 05:00,143.9466667
15-02-2021 05:00,168.91
16-02-2021 05:00,150.66
17-02-2021 05:00,159.0666667
18-02-2021 05:00,106.0633333
19-02-2021 05:00,115.77
20-02-2021 05:00,126.5225
21-02-2021 05:00,151.5375
22-02-2021 05:00,148.31
23-02-2021 05:00,130.225
24-02-2021 05:00,124.51
25-02-2021 05:00,144.8925
26-02-2021 05:00,87.98
27-02-2021 05:00,94.3175
28-02-2021 05:00,81.29333333
01-03-2021 05:00,46.43
02-03-2021 05:00,98.48333333
03-03-2021 05:00,83.40666667
04-03-2021 05:00,224.695
05-03-2021 05:00,89.91
06-03-2021 05:00,87.41
07-03-2021 05:00,155.3575
08-03-2021 05:00,53.5925
09-03-2021 05:00,149.8725
10-03-2021 05:00,21.8575
11-03-2021 05:00,142.8275
12-03-2021 05:00,146.4933333
13-03-2021 05:00,52.91666667
14-03-2021 05:00,75.01666667
15-03-2021 05:00,74.46666667
16-03-2021 05:00,85.705
17-03-2021 05:00,118.45
18-03-2021 05:00,101.0525
19-03-2021 05:00,134.56
20-03-2021 05:00,108.62
21-03-2021 05:00,153.97
22-03-2021 05:00,75.81
23-03-2021 05:00,77.725
24-03-2021 05:00,43.54
25-03-2021 05:00,57.485
26-03-2021 05:00,49.20333333
27-03-2021 05:00,101.18
28-03-2021 05:00,116.88
29-03-2021 05:00,144.1025
30-03-2021 05:00,108.0333333
31-03-2021 05:00,164.0133333
01-04-2021 05:00,32.45666667
02-04-2021 05:00,54.5
03-04-2021 05:00,46.47
04-04-2021 05:00,83.365
05-04-2021 05:00,98.9575
06-04-2021 05:00,91.89
07-04-2021 05:00,77.1225
08-04-2021 05:00,36.72
09-04-2021 05:00,51.6175
10-04-2021 05:00,52.26333333
11-04-2021 05:00,56.825
12-04-2021 05:00,89.06
13-04-2021 05:00,68.635
14-04-2021 05:00,65.3575
15-04-2021 05:00,70.215
16-04-2021 05:00,107.02
17-04-2021 05:00,49.3975
18-04-2021 05:00,72.7275
19-04-2021 05:00,78.61
20-04-2021 05:00,59.7325
21-04-2021 05:00,56.07
22-04-2021 05:00,36.78
23-04-2021 05:00,63.35
24-04-2021 05:00,34.165
25-04-2021 05:00,111.6375
26-04-2021 05:00,152.8375
27-04-2021 05:00,171.8725
28-04-2021 05:00,222.5975
29-04-2021 05:00,151.1925
30-04-2021 05:00,108.5566667
01-05-2021 05:00,113.96
02-05-2021 05:00,70.245
03-05-2021 05:00,91.17
04-05-2021 05:00,87.6825
05-05-2021 05:00,73.845
06-05-2021 05:00,55.4975
07-05-2021 05:00,59.19333333
08-05-2021 05:00,77.585
09-05-2021 05:00,64.405
10-05-2021 05:00,65.03
11-05-2021 05:00,95.31333333
12-05-2021 05:00,43.685
13-05-2021 05:00,36.3325
14-05-2021 05:00,63.5275
15-05-2021 05:00,41.4475
16-05-2021 05:00,51.84666667
17-05-2021 05:00,79.1
18-05-2021 05:00,21.0325
19-05-2021 05:00,68.26333333
20-05-2021 05:00,6.045
21-05-2021 05:00,45.8425
22-05-2021 05:00,16.185
23-05-2021 05:00,260.845
24-05-2021 05:00,59.07
25-05-2021 05:00,75.5475
26-05-2021 05:00,64.0725
27-05-2021 05:00,51.1175
28-05-2021 05:00,30.31
29-05-2021 05:00,13.87666667
30-05-2021 05:00,12
31-05-2021 05:00,49.11
01-06-2021 05:00,27.085
02-06-2021 05:00,120.45
03-06-2021 05:00,48.215
04-06-2021 05:00,91.72
05-06-2021 05:00,74.265
06-06-2021 05:00,57.5975
07-06-2021 05:00,47.9775
08-06-2021 05:00,81.86
09-06-2021 05:00,72.4075
10-06-2021 05:00,84.7575
11-06-2021 05:00,26.76666667
12-06-2021 05:00,44
13-06-2021 05:00,22.25
14-06-2021 05:00,
15-06-2021 05:00,41.67333333
16-06-2021 05:00,27.7
17-06-2021 05:00,24.2675
18-06-2021 05:00,42.9
19-06-2021 05:00,34.01333333
20-06-2021 05:00,28.97333333
21-06-2021 05:00,41.18
22-06-2021 05:00,60.48666667
23-06-2021 05:00,86.295
24-06-2021 05:00,41.0475
25-06-2021 05:00,68.19
26-06-2021 05:00,45.645
27-06-2021 05:00,77.33666667
28-06-2021 05:00,54.12
29-06-2021 05:00,130.715
30-06-2021 05:00,77.65
01-07-2021 05:00,47.94
02-07-2021 05:00,47.5775
03-07-2021 05:00,33.90666667
04-07-2021 05:00,28.6475
05-07-2021 05:00,43.4975
06-07-2021 05:00,39.82333333
07-07-2021 05:00,70.915
08-07-2021 05:00,58.7625
09-07-2021 05:00,32.8
10-07-2021 05:00,51.775
11-07-2021 05:00,47.0375
12-07-2021 05:00,26.6
13-07-2021 05:00,31.62
14-07-2021 05:00,52.055
15-07-2021 05:00,42.33
16-07-2021 05:00,40.03666667
17-07-2021 05:00,61.07
18-07-2021 05:00,25.8475
19-07-2021 05:00,
20-07-2021 05:00,30.965
21-07-2021 05:00,25.185
22-07-2021 05:00,18.63333333
23-07-2021 05:00,17.34
24-07-2021 05:00,57.8875
25-07-2021 05:00,58.37
26-07-2021 05:00,32.22333333
27-07-2021 05:00,59.57
28-07-2021 05:00,24
29-07-2021 05:00,18.71
30-07-2021 05:00,13.85
31-07-2021 05:00,14.88
01-08-2021 05:00,44.30666667
02-08-2021 05:00,76.71
03-08-2021 05:00,33.255
04-08-2021 05:00,14.5325
05-08-2021 05:00,49.02
06-08-2021 05:00,69.77
07-08-2021 05:00,44.3325
08-08-2021 05:00,42.08333333
09-08-2021 05:00,55.02333333
10-08-2021 05:00,34
11-08-2021 05:00,25.7625
12-08-2021 05:00,30.225
13-08-2021 05:00,40.58
14-08-2021 05:00,29.1775
15-08-2021 05:00,22.11666667
16-08-2021 05:00,30.35333333
17-08-2021 05:00,89.5325
18-08-2021 05:00,79.46666667
19-08-2021 05:00,103.4325
20-08-2021 05:00,64.55333333
21-08-2021 05:00,29.97
22-08-2021 05:00,21.78
23-08-2021 05:00,27.13333333
24-08-2021 05:00,38.18
25-08-2021 05:00,79.62333333
26-08-2021 05:00,28.85
27-08-2021 05:00,43.8875
28-08-2021 05:00,62.695
29-08-2021 05:00,35.12
30-08-2021 05:00,18.22
31-08-2021 05:00,24.075
01-09-2021 05:00,17.25
02-09-2021 05:00,23.685
03-09-2021 05:00,44.0625
04-09-2021 05:00,30.94333333
05-09-2021 05:00,35.78666667
06-09-2021 05:00,44.77
07-09-2021 05:00,40.035
08-09-2021 05:00,20.74
09-09-2021 05:00,19.88666667
10-09-2021 05:00,30.76
11-09-2021 05:00,12.57333333
12-09-2021 05:00,9.743333333
13-09-2021 05:00,56.48666667
14-09-2021 05:00,7.3
15-09-2021 05:00,11.01333333
16-09-2021 05:00,22.3
17-09-2021 05:00,16.53333333
18-09-2021 05:00,16.77666667
19-09-2021 05:00,34.62
20-09-2021 05:00,20.89
21-09-2021 05:00,36.185
22-09-2021 05:00,29.79
23-09-2021 05:00,16.47333333
24-09-2021 05:00,19.735
25-09-2021 05:00,26.93
26-09-2021 05:00,23.18
27-09-2021 05:00,44.09
28-09-2021 05:00,54.03
29-09-2021 05:00,30.05
30-09-2021 05:00,31.97
01-10-2021 05:00,59.57666667
02-10-2021 05:00,57.56
03-10-2021 05:00,25.18
04-10-2021 05:00,29.6
05-10-2021 05:00,39.38
06-10-2021 05:00,46.17
07-10-2021 05:00,60.75
08-10-2021 05:00,100.06
09-10-2021 05:00,94.54
10-10-2021 05:00,73.63
11-10-2021 05:00,61.43666667
12-10-2021 05:00,140.315
13-10-2021 05:00,94.7775
14-10-2021 05:00,83.425
15-10-2021 05:00,93.08666667
16-10-2021 05:00,121.355
17-10-2021 05:00,143.4533333
18-10-2021 05:00,14.995
19-10-2021 05:00,34.385
20-10-2021 05:00,127.6525
21-10-2021 05:00,55.21
22-10-2021 05:00,59.4925
23-10-2021 05:00,81.13666667
24-10-2021 05:00,73.57666667
25-10-2021 05:00,9.61
26-10-2021 05:00,66.235
27-10-2021 05:00,115.535
28-10-2021 05:00,134.87
29-10-2021 05:00,153.745
30-10-2021 05:00,113.9475
31-10-2021 05:00,169.1433333
01-11-2021 05:00,169.9833333
02-11-2021 05:00,120.28
03-11-2021 05:00,191.0825
04-11-2021 05:00,194.9625
05-11-2021 05:00,807.735
06-11-2021 05:00,273.615
07-11-2021 05:00,185.3633333
08-11-2021 05:00,247.055
09-11-2021 05:00,380.23
10-11-2021 05:00,220.135
11-11-2021 05:00,242.36
12-11-2021 05:00,449.4633333
13-11-2021 05:00,235.72
14-11-2021 05:00,135.8633333
15-11-2021 05:00,212.35
16-11-2021 05:00,229.6433333
17-11-2021 05:00,173.205
18-11-2021 05:00,161.175
19-11-2021 05:00,133.1533333
20-11-2021 05:00,141.2725
21-11-2021 05:00,195.4
22-11-2021 05:00,152.435
23-11-2021 05:00,115.3875
24-11-2021 05:00,180.1625
25-11-2021 05:00,240.4866667
26-11-2021 05:00,218.2075
27-11-2021 05:00,182.5475
28-11-2021 05:00,173.94
29-11-2021 05:00,292.5
30-11-2021 05:00,114.985
01-12-2021 05:00,153.395
02-12-2021 05:00,176.825
03-12-2021 05:00,105.39
04-12-2021 05:00,168.4625
05-12-2021 05:00,140.7375
06-12-2021 05:00,149.415
07-12-2021 05:00,116.73
08-12-2021 05:00,81.17333333
09-12-2021 05:00,110.2675
10-12-2021 05:00,146.08
11-12-2021 05:00,91.685
12-12-2021 05:00,103.755
13-12-2021 05:00,121.2633333
14-12-2021 05:00,210.4333333
15-12-2021 05:00,212.0933333
16-12-2021 05:00,167.0225
17-12-2021 05:00,130.495
18-12-2021 05:00,146.3325
19-12-2021 05:00,78.99
20-12-2021 05:00,129.745
21-12-2021 05:00,199.475
22-12-2021 05:00,281.91
23-12-2021 05:00,425.97
24-12-2021 05:00,237.215
25-12-2021 05:00,339.3733333
26-12-2021 05:00,407.53
27-12-2021 05:00,66.615
28-12-2021 05:00,83.45666667
29-12-2021 05:00,103.32
30-12-2021 05:00,113.755
31-12-2021 05:00,139.355
01-01-2020 05:00,610
02-01-2020 05:00,315.25
03-01-2020 05:00,284.5
04-01-2020 05:00,168.75
05-01-2020 05:00,
06-01-2020 05:00,145.5
07-01-2020 05:00,73.5
08-01-2020 05:00,100.5
09-01-2020 05:00,59.5
10-01-2020 05:00,72.75
11-01-2020 05:00,114.25
12-01-2020 05:00,202.5
13-01-2020 05:00,243.25
14-01-2020 05:00,97.5
15-01-2020 05:00,70.75
16-01-2020 05:00,105.75
17-01-2020 05:00,44.25
18-01-2020 05:00,106.5
19-01-2020 05:00,104.25
20-01-2020 05:00,62.5
21-01-2020 05:00,161.75
22-01-2020 05:00,226
23-01-2020 05:00,69.25
24-01-2020 05:00,44.75
25-01-2020 05:00,79
26-01-2020 05:00,193.75
27-01-2020 05:00,172
28-01-2020 05:00,108.25
29-01-2020 05:00,53
30-01-2020 05:00,70
31-01-2020 05:00,71.25
01-02-2020 05:00,102
02-02-2020 05:00,112.5
03-02-2020 05:00,133.25
04-02-2020 05:00,158.5
05-02-2020 05:00,157.25
06-02-2020 05:00,112.25
07-02-2020 05:00,180
08-02-2020 05:00,127
09-02-2020 05:00,150.75
10-02-2020 05:00,163.5
11-02-2020 05:00,166.75
12-02-2020 05:00,
13-02-2020 05:00,86
14-02-2020 05:00,57.25
15-02-2020 05:00,55.75
16-02-2020 05:00,110
17-02-2020 05:00,169.25
18-02-2020 05:00,76.75
19-02-2020 05:00,220
20-02-2020 05:00,92
21-02-2020 05:00,53
22-02-2020 05:00,34.75
23-02-2020 05:00,125.25
24-02-2020 05:00,58.5
25-02-2020 05:00,148.5
26-02-2020 05:00,157.25
27-02-2020 05:00,73
28-02-2020 05:00,73.25
29-02-2020 05:00,64
01-03-2020 05:00,16
02-03-2020 05:00,48.25
03-03-2020 05:00,85
04-03-2020 05:00,149.78
05-03-2020 05:00,33.46333333
06-03-2020 05:00,25.33666667
07-03-2020 05:00,18.95
08-03-2020 05:00,123.93
09-03-2020 05:00,141
10-03-2020 05:00,141.35
11-03-2020 05:00,100.88
12-03-2020 05:00,58.555
13-03-2020 05:00,161.6
14-03-2020 05:00,42.525
15-03-2020 05:00,57.98666667
16-03-2020 05:00,69.595
17-03-2020 05:00,93.8125
18-03-2020 05:00,96.505
19-03-2020 05:00,102.135
20-03-2020 05:00,129.28
21-03-2020 05:00,53.0225
22-03-2020 05:00,115.2975
23-03-2020 05:00,54.16
24-03-2020 05:00,90.98
25-03-2020 05:00,36.7
26-03-2020 05:00,26.92
27-03-2020 05:00,21.17333333
28-03-2020 05:00,13.34
29-03-2020 05:00,21.25
30-03-2020 05:00,22.75
31-03-2020 05:00,36.23666667
01-04-2020 05:00,18.1
02-04-2020 05:00,19.1
03-04-2020 05:00,23.08666667
04-04-2020 05:00,45.76
05-04-2020 05:00,55.48333333
06-04-2020 05:00,70.89333333
07-04-2020 05:00,23.66333333
08-04-2020 05:00,32.13
09-04-2020 05:00,20.50666667
10-04-2020 05:00,58.20333333
11-04-2020 05:00,90.18666667
12-04-2020 05:00,32.47
13-04-2020 05:00,77.57
14-04-2020 05:00,65.575
15-04-2020 05:00,87.255
16-04-2020 05:00,122.74
17-04-2020 05:00,27.37
18-04-2020 05:00,19.325
19-04-2020 05:00,19.96
20-04-2020 05:00,47.84
21-04-2020 05:00,20.165
22-04-2020 05:00,39.455
23-04-2020 05:00,67.83
24-04-2020 05:00,51.03
25-04-2020 05:00,22.3625
26-04-2020 05:00,56.555
27-04-2020 05:00,21.515
28-04-2020 05:00,40
29-04-2020 05:00,76.31
30-04-2020 05:00,32.97
01-05-2020 05:00,45.895
02-05-2020 05:00,11.94
03-05-2020 05:00,22.84666667
04-05-2020 05:00,14.23
05-05-2020 05:00,36.90666667
06-05-2020 05:00,10.115
07-05-2020 05:00,12.82333333
08-05-2020 05:00,39.03
09-05-2020 05:00,45.76666667
10-05-2020 05:00,37.08666667
11-05-2020 05:00,15.62
12-05-2020 05:00,13.905
13-05-2020 05:00,21.25
14-05-2020 05:00,40.43
15-05-2020 05:00,48.59
16-05-2020 05:00,101.705
17-05-2020 05:00,80
18-05-2020 05:00,136.2
19-05-2020 05:00,106.23
20-05-2020 05:00,1.14
21-05-2020 05:00,40.75
22-05-2020 05:00,70.07
23-05-2020 05:00,146.17
24-05-2020 05:00,77.49
25-05-2020 05:00,57.99
26-05-2020 05:00,51.985
27-05-2020 05:00,35.61
28-05-2020 05:00,40.36
29-05-2020 05:00,16
30-05-2020 05:00,
31-05-2020 05:00,7
01-06-2020 05:00,33.74
02-06-2020 05:00,98.54
03-06-2020 05:00,56.56
04-06-2020 05:00,52.305
05-06-2020 05:00,49.025
06-06-2020 05:00,30.79
07-06-2020 05:00,90.18
08-06-2020 05:00,42.5
09-06-2020 05:00,133.25
10-06-2020 05:00,119.61
11-06-2020 05:00,40.82
12-06-2020 05:00,76.11
13-06-2020 05:00,59.68
14-06-2020 05:00,46.91
15-06-2020 05:00,26.04
16-06-2020 05:00,27.13
17-06-2020 05:00,17.955
18-06-2020 05:00,32.845
19-06-2020 05:00,30.225
20-06-2020 05:00,41.02666667
21-06-2020 05:00,54.78
22-06-2020 05:00,88.07
23-06-2020 05:00,38.625
24-06-2020 05:00,61.14
25-06-2020 05:00,73.85
26-06-2020 05:00,61.2
27-06-2020 05:00,32.23666667
28-06-2020 05:00,62.15666667
29-06-2020 05:00,23.74
30-06-2020 05:00,
01-07-2020 05:00,44.35
02-07-2020 05:00,45.47
03-07-2020 05:00,80.34
04-07-2020 05:00,97.01
05-07-2020 05:00,40.12
06-07-2020 05:00,41.5
07-07-2020 05:00,28.87
08-07-2020 05:00,26.16666667
09-07-2020 05:00,57.23666667
10-07-2020 05:00,27.58666667
11-07-2020 05:00,15.12
12-07-2020 05:00,42.02
13-07-2020 05:00,29.03333333
14-07-2020 05:00,32.73
15-07-2020 05:00,59.25
16-07-2020 05:00,34.15333333
17-07-2020 05:00,42.955
18-07-2020 05:00,54.81
19-07-2020 05:00,36.29
20-07-2020 05:00,20
21-07-2020 05:00,10.34
22-07-2020 05:00,24.75333333
23-07-2020 05:00,18.75
24-07-2020 05:00,57.09
25-07-2020 05:00,23.99666667
26-07-2020 05:00,48.06
27-07-2020 05:00,50.73
28-07-2020 05:00,25.32666667
29-07-2020 05:00,27.05333333
30-07-2020 05:00,29.35666667
31-07-2020 05:00,36.705
01-08-2020 05:00,33.03
02-08-2020 05:00,34.565
03-08-2020 05:00,23.295
04-08-2020 05:00,36
05-08-2020 05:00,51.45
06-08-2020 05:00,24.29333333
07-08-2020 05:00,11.66
08-08-2020 05:00,52.85333333
09-08-2020 05:00,21.78
10-08-2020 05:00,23.44
11-08-2020 05:00,37.35
12-08-2020 05:00,17.415
13-08-2020 05:00,20.265
14-08-2020 05:00,21.68333333
15-08-2020 05:00,32.3975
16-08-2020 05:00,37.06
17-08-2020 05:00,42.72
18-08-2020 05:00,38.54333333
19-08-2020 05:00,27.97333333
20-08-2020 05:00,14.115
21-08-2020 05:00,26.32
22-08-2020 05:00,15.35
23-08-2020 05:00,14.38
24-08-2020 05:00,11
25-08-2020 05:00,15.01
26-08-2020 05:00,21.675
27-08-2020 05:00,21.21666667
28-08-2020 05:00,49.54
29-08-2020 05:00,36.83
30-08-2020 05:00,26.52
31-08-2020 05:00,
01-09-2020 05:00,21.83
02-09-2020 05:00,14.43
03-09-2020 05:00,31.06
04-09-2020 05:00,33.5875
05-09-2020 05:00,30.3775
06-09-2020 05:00,5.703333333
07-09-2020 05:00,55.39
08-09-2020 05:00,13.5
09-09-2020 05:00,73.06
10-09-2020 05:00,53.6175
11-09-2020 05:00,76.39
12-09-2020 05:00,65.905
13-09-2020 05:00,103.5966667
14-09-2020 05:00,82.425
15-09-2020 05:00,88.4875
16-09-2020 05:00,126.8466667
17-09-2020 05:00,73.0425
18-09-2020 05:00,59.1875
19-09-2020 05:00,74.0125
20-09-2020 05:00,90.9525
21-09-2020 05:00,68.83
22-09-2020 05:00,51.03
23-09-2020 05:00,33.015
24-09-2020 05:00,24.03666667
25-09-2020 05:00,37.57666667
26-09-2020 05:00,76.9
27-09-2020 05:00,42.57
28-09-2020 05:00,67.73666667
29-09-2020 05:00,83.21
30-09-2020 05:00,74.09333333
01-10-2020 05:00,64.67
02-10-2020 05:00,67.84666667
03-10-2020 05:00,92.27333333
04-10-2020 05:00,80.66666667
05-10-2020 05:00,65.31333333
06-10-2020 05:00,76.29
07-10-2020 05:00,147.98
08-10-2020 05:00,88.19666667
09-10-2020 05:00,88.04333333
10-10-2020 05:00,89.83
11-10-2020 05:00,100.4225
12-10-2020 05:00,84.28666667
13-10-2020 05:00,169.51
14-10-2020 05:00,97.56333333
15-10-2020 05:00,181.87
16-10-2020 05:00,118.1866667
17-10-2020 05:00,126.3933333
18-10-2020 05:00,127.6625
19-10-2020 05:00,119.7475
20-10-2020 05:00,93.0875
21-10-2020 05:00,194.9675
22-10-2020 05:00,153.2875
23-10-2020 05:00,247.075
24-10-2020 05:00,184.28
25-10-2020 05:00,207.225
26-10-2020 05:00,139.63
27-10-2020 05:00,210.0425
28-10-2020 05:00,134.18
29-10-2020 05:00,235.35
30-10-2020 05:00,225.07
31-10-2020 05:00,367.0166667
01-11-2020 05:00,407.15
02-11-2020 05:00,138.8833333
03-11-2020 05:00,144.7875
04-11-2020 05:00,154.4675
05-11-2020 05:00,262.5975
06-11-2020 05:00,316.9375
07-11-2020 05:00,419.3175
08-11-2020 05:00,339.88
09-11-2020 05:00,350.6
10-11-2020 05:00,537.5333333
11-11-2020 05:00,182.825
12-11-2020 05:00,157.2775
13-11-2020 05:00,175.0833333
14-11-2020 05:00,270.7533333
15-11-2020 05:00,364.735
16-11-2020 05:00,75.20333333
17-11-2020 05:00,99.605
18-11-2020 05:00,72.0575
19-11-2020 05:00,136.5825
20-11-2020 05:00,166.1375
21-11-2020 05:00,124.415
22-11-2020 05:00,136.7975
23-11-2020 05:00,116.385
24-11-2020 05:00,185.2633333
25-11-2020 05:00,147.7633333
26-11-2020 05:00,150.1025
27-11-2020 05:00,52.97666667
28-11-2020 05:00,89.0875
29-11-2020 05:00,100.665
30-11-2020 05:00,151.8275
01-12-2020 05:00,204.58
02-12-2020 05:00,173.7675
03-12-2020 05:00,148.235
04-12-2020 05:00,194.445
05-12-2020 05:00,175.6175
06-12-2020 05:00,206.38
07-12-2020 05:00,227.89
08-12-2020 05:00,234.5475
09-12-2020 05:00,158.685
10-12-2020 05:00,122.3225
11-12-2020 05:00,103.305
12-12-2020 05:00,156.1233333
13-12-2020 05:00,109.8366667
14-12-2020 05:00,40.5
15-12-2020 05:00,75.8425
16-12-2020 05:00,69.8
17-12-2020 05:00,94.25333333
18-12-2020 05:00,70.61
19-12-2020 05:00,116.9433333
20-12-2020 05:00,120.455
21-12-2020 05:00,111.78
22-12-2020 05:00,273
23-12-2020 05:00,267.0325
24-12-2020 05:00,210.32
25-12-2020 05:00,114.815
26-12-2020 05:00,120.11
27-12-2020 05:00,305.09
28-12-2020 05:00,83.265
29-12-2020 05:00,115.8133333
30-12-2020 05:00,118.0066667
31-12-2020 05:00,160.6333333
01-01-2019 05:00,260
02-01-2019 05:00,283
03-01-2019 05:00,298
04-01-2019 05:00,230
05-01-2019 05:00,295
06-01-2019 05:00,225
07-01-2019 05:00,153
08-01-2019 05:00,122
09-01-2019 05:00,163
10-01-2019 05:00,116
11-01-2019 05:00,316
12-01-2019 05:00,278
13-01-2019 05:00,278
14-01-2019 05:00,82
15-01-2019 05:00,
16-01-2019 05:00,211
17-01-2019 05:00,375
18-01-2019 05:00,262
19-01-2019 05:00,206
20-01-2019 05:00,269
21-01-2019 05:00,164
22-01-2019 05:00,
23-01-2019 05:00,81
24-01-2019 05:00,137
25-01-2019 05:00,56
26-01-2019 05:00,104
27-01-2019 05:00,
28-01-2019 05:00,
29-01-2019 05:00,
30-01-2019 05:00,
31-01-2019 05:00,
01-02-2019 05:00,
02-02-2019 05:00,
03-02-2019 05:00,
04-02-2019 05:00,
05-02-2019 05:00,
06-02-2019 05:00,16
07-02-2019 05:00,16
08-02-2019 05:00,
09-02-2019 05:00,16
10-02-2019 05:00,16
11-02-2019 05:00,16
12-02-2019 05:00,175.75
13-02-2019 05:00,261.25
14-02-2019 05:00,157.5
15-02-2019 05:00,57.25
16-02-2019 05:00,92.5
17-02-2019 05:00,90.25
18-02-2019 05:00,159.5
19-02-2019 05:00,75
20-02-2019 05:00,116.5
21-02-2019 05:00,53
22-02-2019 05:00,99
23-02-2019 05:00,53.5
24-02-2019 05:00,117
25-02-2019 05:00,118.75
26-02-2019 05:00,23.25
27-02-2019 05:00,22
28-02-2019 05:00,60
01-03-2019 05:00,78
02-03-2019 05:00,72.75
03-03-2019 05:00,65.25
04-03-2019 05:00,91.25
05-03-2019 05:00,53.25
06-03-2019 05:00,105.5
07-03-2019 05:00,99
08-03-2019 05:00,65
09-03-2019 05:00,75.75
10-03-2019 05:00,72
11-03-2019 05:00,71
12-03-2019 05:00,70.5
13-03-2019 05:00,
14-03-2019 05:00,
15-03-2019 05:00,
16-03-2019 05:00,59.75
17-03-2019 05:00,70
18-03-2019 05:00,109.75
19-03-2019 05:00,117
20-03-2019 05:00,106.75
21-03-2019 05:00,133.5
22-03-2019 05:00,18.75
23-03-2019 05:00,74
24-03-2019 05:00,32.5
25-03-2019 05:00,
26-03-2019 05:00,75.25
27-03-2019 05:00,68.25
28-03-2019 05:00,88.25
29-03-2019 05:00,183.5
30-03-2019 05:00,109.75
31-03-2019 05:00,69.25
01-04-2019 05:00,58.25
02-04-2019 05:00,76.75
03-04-2019 05:00,99.25
04-04-2019 05:00,153.75
05-04-2019 05:00,154.75
06-04-2019 05:00,31.5
07-04-2019 05:00,143
08-04-2019 05:00,58.5
09-04-2019 05:00,83
10-04-2019 05:00,142.75
11-04-2019 05:00,78
12-04-2019 05:00,72.75
13-04-2019 05:00,69
14-04-2019 05:00,43.25
15-04-2019 05:00,26.25
16-04-2019 05:00,
17-04-2019 05:00,
18-04-2019 05:00,16
19-04-2019 05:00,179
20-04-2019 05:00,75
21-04-2019 05:00,211.25
22-04-2019 05:00,171
23-04-2019 05:00,140
24-04-2019 05:00,81.75
25-04-2019 05:00,81.75
26-04-2019 05:00,106.5
27-04-2019 05:00,41
28-04-2019 05:00,54
29-04-2019 05:00,
30-04-2019 05:00,123.25
01-05-2019 05:00,115
02-05-2019 05:00,73
03-05-2019 05:00,73
04-05-2019 05:00,111.75
05-05-2019 05:00,111.25
06-05-2019 05:00,
07-05-2019 05:00,110
08-05-2019 05:00,101.75
09-05-2019 05:00,54.5
10-05-2019 05:00,37
11-05-2019 05:00,130.25
12-05-2019 05:00,231.25
13-05-2019 05:00,152.25
14-05-2019 05:00,19.5
15-05-2019 05:00,187
16-05-2019 05:00,107.25
17-05-2019 05:00,82.5
18-05-2019 05:00,
19-05-2019 05:00,107.25
20-05-2019 05:00,82.75
21-05-2019 05:00,67
22-05-2019 05:00,55.5
23-05-2019 05:00,97.25
24-05-2019 05:00,60
25-05-2019 05:00,52.5
26-05-2019 05:00,70.75
27-05-2019 05:00,57
28-05-2019 05:00,43.25
29-05-2019 05:00,65.5
30-05-2019 05:00,
31-05-2019 05:00,49
01-06-2019 05:00,82.25
02-06-2019 05:00,64
03-06-2019 05:00,81.75
04-06-2019 05:00,47
05-06-2019 05:00,70.25
06-06-2019 05:00,91.25
07-06-2019 05:00,41.75
08-06-2019 05:00,
09-06-2019 05:00,170.5
10-06-2019 05:00,54.75
11-06-2019 05:00,171.25
12-06-2019 05:00,34
13-06-2019 05:00,58
14-06-2019 05:00,31
15-06-2019 05:00,58.25
16-06-2019 05:00,11.25
17-06-2019 05:00,33.75
18-06-2019 05:00,20
19-06-2019 05:00,123.25
20-06-2019 05:00,23.25
21-06-2019 05:00,72.5
22-06-2019 05:00,77.25
23-06-2019 05:00,43.75
24-06-2019 05:00,18.5
25-06-2019 05:00,19
26-06-2019 05:00,50
27-06-2019 05:00,135
28-06-2019 05:00,81.75
29-06-2019 05:00,50
30-06-2019 05:00,
01-07-2019 05:00,33
02-07-2019 05:00,59.75
03-07-2019 05:00,28
04-07-2019 05:00,42.5
05-07-2019 05:00,
06-07-2019 05:00,61.75
07-07-2019 05:00,17.25
08-07-2019 05:00,36.5
09-07-2019 05:00,47.5
10-07-2019 05:00,37
11-07-2019 05:00,48
12-07-2019 05:00,43
13-07-2019 05:00,36
14-07-2019 05:00,65.5
15-07-2019 05:00,7.25
16-07-2019 05:00,26.25
17-07-2019 05:00,37.25
18-07-2019 05:00,
19-07-2019 05:00,59.5
20-07-2019 05:00,43
21-07-2019 05:00,33.25
22-07-2019 05:00,38.75
23-07-2019 05:00,58.5
24-07-2019 05:00,86.5
25-07-2019 05:00,5.75
26-07-2019 05:00,24
27-07-2019 05:00,16.25
28-07-2019 05:00,10.25
29-07-2019 05:00,13.25
30-07-2019 05:00,16.25
31-07-2019 05:00,11.5
01-08-2019 05:00,29
02-08-2019 05:00,19.75
03-08-2019 05:00,13.75
04-08-2019 05:00,20
05-08-2019 05:00,21.75
06-08-2019 05:00,23.75
07-08-2019 05:00,29.5
08-08-2019 05:00,17
09-08-2019 05:00,9.25
10-08-2019 05:00,7.5
11-08-2019 05:00,10.75
12-08-2019 05:00,8.5
13-08-2019 05:00,
14-08-2019 05:00,6
15-08-2019 05:00,15
16-08-2019 05:00,8.25
17-08-2019 05:00,5.5
18-08-2019 05:00,8
19-08-2019 05:00,19
20-08-2019 05:00,21.5
21-08-2019 05:00,40.75
22-08-2019 05:00,25.25
23-08-2019 05:00,42.75
24-08-2019 05:00,43.5
25-08-2019 05:00,18.25
26-08-2019 05:00,11.25
27-08-2019 05:00,21.75
28-08-2019 05:00,17.25
29-08-2019 05:00,18.75
30-08-2019 05:00,13.25
31-08-2019 05:00,20.25
01-09-2019 05:00,17
02-09-2019 05:00,13.75
03-09-2019 05:00,
04-09-2019 05:00,44
05-09-2019 05:00,11.25
06-09-2019 05:00,16
07-09-2019 05:00,10
08-09-2019 05:00,13.75
09-09-2019 05:00,24.5
10-09-2019 05:00,41.75
11-09-2019 05:00,49.75
12-09-2019 05:00,52.5
13-09-2019 05:00,25
14-09-2019 05:00,11
15-09-2019 05:00,16.25
16-09-2019 05:00,
17-09-2019 05:00,39.25
18-09-2019 05:00,32.5
19-09-2019 05:00,4.75
20-09-2019 05:00,29.25
21-09-2019 05:00,32.5
22-09-2019 05:00,15
23-09-2019 05:00,8.5
24-09-2019 05:00,44.5
25-09-2019 05:00,26.75
26-09-2019 05:00,11.5
27-09-2019 05:00,3.25
28-09-2019 05:00,18.75
29-09-2019 05:00,3
30-09-2019 05:00,
01-10-2019 05:00,19.75
02-10-2019 05:00,19.5
03-10-2019 05:00,
04-10-2019 05:00,
05-10-2019 05:00,37.5
06-10-2019 05:00,45.75
07-10-2019 05:00,
08-10-2019 05:00,31.5
09-10-2019 05:00,91
10-10-2019 05:00,89.75
11-10-2019 05:00,106
12-10-2019 05:00,107
13-10-2019 05:00,121.25
14-10-2019 05:00,104.75
15-10-2019 05:00,170
16-10-2019 05:00,152.75
17-10-2019 05:00,113
18-10-2019 05:00,115.75
19-10-2019 05:00,36.25
20-10-2019 05:00,111.25
21-10-2019 05:00,114.5
22-10-2019 05:00,80.25
23-10-2019 05:00,91.5
24-10-2019 05:00,
25-10-2019 05:00,104
26-10-2019 05:00,105.75
27-10-2019 05:00,128.75
28-10-2019 05:00,250.5
29-10-2019 05:00,180
30-10-2019 05:00,238.5
31-10-2019 05:00,170.5
01-11-2019 05:00,367
02-11-2019 05:00,186.5
03-11-2019 05:00,524.25
04-11-2019 05:00,416.75
05-11-2019 05:00,280
06-11-2019 05:00,98
07-11-2019 05:00,190
08-11-2019 05:00,220.5
09-11-2019 05:00,168.5
10-11-2019 05:00,297.5
11-11-2019 05:00,268.5
12-11-2019 05:00,430.75
13-11-2019 05:00,438.5
14-11-2019 05:00,349.25
15-11-2019 05:00,663.75
16-11-2019 05:00,217
17-11-2019 05:00,109.75
18-11-2019 05:00,103.75
19-11-2019 05:00,105.5
20-11-2019 05:00,120.25
21-11-2019 05:00,250.25
22-11-2019 05:00,
23-11-2019 05:00,128.25
24-11-2019 05:00,107.25
25-11-2019 05:00,108.75
26-11-2019 05:00,128.25
27-11-2019 05:00,25
28-11-2019 05:00,20
29-11-2019 05:00,34.75
30-11-2019 05:00,96.75
01-12-2019 05:00,97.25
02-12-2019 05:00,106
03-12-2019 05:00,99.5
04-12-2019 05:00,
05-12-2019 05:00,
06-12-2019 05:00,
07-12-2019 05:00,246
08-12-2019 05:00,
09-12-2019 05:00,
10-12-2019 05:00,203
11-12-2019 05:00,265.25
12-12-2019 05:00,270
13-12-2019 05:00,
14-12-2019 05:00,57.25
15-12-2019 05:00,74.5
16-12-2019 05:00,70.25
17-12-2019 05:00,58.25
18-12-2019 05:00,110.25
19-12-2019 05:00,140.25
20-12-2019 05:00,203.25
21-12-2019 05:00,272.75
22-12-2019 05:00,149.5
23-12-2019 05:00,116
24-12-2019 05:00,198.5
25-12-2019 05:00,118.5
26-12-2019 05:00,200.25
27-12-2019 05:00,193
28-12-2019 05:00,307.5
29-12-2019 05:00,253.75
30-12-2019 05:00,306.5
31-12-2019 05:00,137.5
